{"Reward": -0.45504999999999995, "Accuracy": 0.55, "New States(%):": 7.30593607305936, "Number of Features Used": 5.57, "_timestamp": 1661570643, "_runtime": 797, "_step": 280}