{"Reward": -0.12529999943450093, "Accuracy": 0.9, "New States(%):": 0.28328611898017, "Number of Features Used": 22.53, "_timestamp": 1662093832, "_runtime": 11122, "_step": 2620, "Test Accuracy": 0.85, "Test Number of Features Used": 22.25, "_wandb": {"runtime": 11123}}