{"Reward": -0.2411999997496605, "Accuracy": 0.77, "New States(%):": 31.132075471698112, "Number of Features Used": 21.12, "_timestamp": 1661779415, "_runtime": 1169, "_step": 375}