{"Reward": -0.25419000019901433, "Accuracy": 0.75, "New States(%):": 42.96724470134875, "Number of Features Used": 24.19, "_timestamp": 1661778062, "_runtime": 1309, "_step": 390}