{"Reward": -0.24152000007219612, "Accuracy": 0.76, "New States(%):": 0.0, "Number of Features Used": 21.52, "_timestamp": 1661731415, "_runtime": 7571, "_step": 2620, "Test Accuracy": 0.796875, "Test Number of Features Used": 21.878125, "_wandb": {"runtime": 7573}}