{"Reward": -0.45574000000000003, "Accuracy": 0.55, "New States(%):": 78.63501483679525, "Number of Features Used": 25.74, "_timestamp": 1661609193, "_runtime": 86, "_step": 35}