{"Reward": -0.5139999999999999, "Accuracy": 0.51, "New States(%):": 17.941176470588236, "Number of Features Used": 2.4, "_timestamp": 1657422313, "_runtime": 366, "_step": 62}