{"Reward": -0.3581999999999999, "Accuracy": 0.66, "New States(%):": 0.3546099290780142, "Number of Features Used": 1.82, "_timestamp": 1660917410, "_runtime": 867, "_step": 478}