{"Reward": -0.126399999409914, "Accuracy": 0.9, "New States(%):": 0.0, "Number of Features Used": 22.64, "_timestamp": 1662132728, "_runtime": 11374, "_step": 2620, "Test Accuracy": 0.8109375, "Test Number of Features Used": 22.93125, "_wandb": {"runtime": 11376}}