{"Reward": -0.151570000074571, "Accuracy": 0.85, "New States(%):": 0.0, "Number of Features Used": 21.57, "_timestamp": 1661722564, "_runtime": 7385, "_step": 2620, "Test Accuracy": 0.8328125, "Test Number of Features Used": 21.88125, "_wandb": {"runtime": 7386}}