{"Reward": 0.5906, "Accuracy": 0.82, "New States(%):": 0.16835016835016836, "Number of Features Used": 4.94, "_timestamp": 1657351103, "_runtime": 18740, "_step": 5240, "Test Accuracy": 0.7109375, "Test Number of Features Used": 5.334375, "_wandb": {"runtime": 18741}}