{"Reward": -0.01940000000000003, "Accuracy": 0.51, "New States(%):": 30.364372469635626, "Number of Features Used": 3.94, "_timestamp": 1657320493, "_runtime": 158, "_step": 44}