{"Reward": -0.18470000000000003, "Accuracy": 0.44, "New States(%):": 66.53279785809906, "Number of Features Used": 6.47, "_timestamp": 1657320353, "_runtime": 18, "_step": 3}