{"Reward": 0.15859999999999994, "Accuracy": 0.6, "New States(%):": 38.326848249027236, "Number of Features Used": 4.14, "_timestamp": 1657320422, "_runtime": 87, "_step": 24}