{"Reward": 0.4525, "Accuracy": 0.75, "New States(%):": 0.5217391304347826, "Number of Features Used": 4.75, "_timestamp": 1657325960, "_runtime": 5625, "_step": 1572, "Test Accuracy": 0.6546875, "Test Number of Features Used": 8.490625, "_wandb": {"runtime": 5626}}