{"Reward": 0.23149999999999998, "Accuracy": 0.63, "New States(%):": 7.012987012987013, "Number of Features Used": 2.85, "_timestamp": 1657332187, "_runtime": 452, "_step": 128}