{"Reward": -0.55135, "Accuracy": 0.46, "New States(%):": 59.753954305799645, "Number of Features Used": 10.38, "_timestamp": 1661569817, "_runtime": 372, "_step": 127}