{"Reward": -0.12799999937415124, "Accuracy": 0.9, "New States(%):": 0.0, "Number of Features Used": 22.8, "_timestamp": 1662000282, "_runtime": 11535, "_step": 2620, "Test Accuracy": 0.790625, "Test Number of Features Used": 22.6515625, "_wandb": {"runtime": 11537}}