{"Reward": -0.47999999932944776, "Accuracy": 0.55, "New States(%):": 77.85714285714286, "Number of Features Used": 26.0, "_timestamp": 1661779668, "_runtime": 240, "_step": 75}