{"Reward": -0.47264000012539326, "Accuracy": 0.53, "New States(%):": 36.81318681318681, "Number of Features Used": 22.64, "_timestamp": 1661632250, "_runtime": 497, "_step": 162}