{"Reward": -0.43849504950495055, "Accuracy": 0.5742574257425742, "New States(%):": 80.40268456375838, "Number of Features Used": 6.376237623762377, "_timestamp": 1661575149, "_runtime": 8, "_step": 0}