{"Reward": -0.5534653447863489, "Accuracy": 0.5247524752475248, "New States(%):": 89.0738813735692, "Number of Features Used": 27.821782178217823, "_timestamp": 1661611374, "_runtime": 9, "_step": 0}