{"Reward": -0.53594, "Accuracy": 0.47, "New States(%):": 38.287153652392945, "Number of Features Used": 2.97, "_timestamp": 1661575331, "_runtime": 96, "_step": 41}