{"Reward": -0.2616900000802707, "Accuracy": 0.74, "New States(%):": 0.0, "Number of Features Used": 21.69, "_timestamp": 1661667113, "_runtime": 7506, "_step": 2620, "Test Accuracy": 0.7875, "Test Number of Features Used": 21.8296875, "_wandb": {"runtime": 7506}}