{"Reward": -0.18160000007599592, "Accuracy": 0.82, "New States(%):": 0.0, "Number of Features Used": 21.6, "_timestamp": 1661706487, "_runtime": 7374, "_step": 2620, "Test Accuracy": 0.8546875, "Test Number of Features Used": 21.70625, "_wandb": {"runtime": 7376}}