{"Reward": -0.0915999986231327, "Accuracy": 0.97, "New States(%):": 0.0, "Number of Features Used": 26.16, "_timestamp": 1661914638, "_runtime": 11174, "_step": 2620, "Test Accuracy": 0.7484375, "Test Number of Features Used": 25.6, "_wandb": {"runtime": 11175}}