{"Reward": -0.19140000006649643, "Accuracy": 0.81, "New States(%):": 0.0, "Number of Features Used": 21.4, "_timestamp": 1661714153, "_runtime": 7383, "_step": 2620, "Test Accuracy": 0.8375, "Test Number of Features Used": 21.6765625, "_wandb": {"runtime": 7385}}