{"Reward": -0.20158000007504598, "Accuracy": 0.8, "New States(%):": 0.0, "Number of Features Used": 21.58, "_timestamp": 1661676801, "_runtime": 7442, "_step": 2620, "Test Accuracy": 0.771875, "Test Number of Features Used": 21.9796875, "_wandb": {"runtime": 7443}}