{"Reward": -0.44399999946355817, "Accuracy": 0.58, "New States(%):": 36.76470588235294, "Number of Features Used": 22.4, "_timestamp": 1661613361, "_runtime": 418, "_step": 138}