{"Reward": -0.06949999889358878, "Accuracy": 0.98, "New States(%):": 1.0084033613445378, "Number of Features Used": 24.95, "_timestamp": 1661890661, "_runtime": 10800, "_step": 2620, "Test Accuracy": 0.7734375, "Test Number of Features Used": 24.9375, "_wandb": {"runtime": 10802}}