{"Reward": -0.2030999999307096, "Accuracy": 0.8, "New States(%):": 24.107142857142858, "Number of Features Used": 21.24, "_timestamp": 1661781076, "_runtime": 1398, "_step": 464}