{"Reward": -0.005200000246986747, "Accuracy": 1.0, "New States(%):": 74.83870967741936, "Number of Features Used": 25.2, "_timestamp": 1661657849, "_runtime": 105, "_step": 33}