{"Reward": -0.2508600000408478, "Accuracy": 0.75, "New States(%):": 27.419354838709676, "Number of Features Used": 20.86, "_timestamp": 1661783040, "_runtime": 1317, "_step": 437}