{"Reward": -0.4120100000954699, "Accuracy": 0.59, "New States(%):": 22.92358803986711, "Number of Features Used": 22.01, "_timestamp": 1661642432, "_runtime": 680, "_step": 224}