{"Reward": -0.5403499999999999, "Accuracy": 0.47, "New States(%):": 47.151277013752456, "Number of Features Used": 4.09, "_timestamp": 1661566043, "_runtime": 1006, "_step": 359}