{"Reward": -0.29209999999999997, "Accuracy": 0.74, "New States(%):": 5.463182897862233, "Number of Features Used": 3.21, "_timestamp": 1657423501, "_runtime": 1159, "_step": 179}