{"Reward": -0.38699999999999996, "Accuracy": 0.65, "New States(%):": 3.1914893617021276, "Number of Features Used": 3.7, "_timestamp": 1657423445, "_runtime": 1103, "_step": 171}