{"Reward": -0.33880000000000005, "Accuracy": 0.69, "New States(%):": 0.5154639175257731, "Number of Features Used": 2.88, "_timestamp": 1657427927, "_runtime": 5585, "_step": 786}