{"Reward": -0.13699999917298555, "Accuracy": 0.9, "New States(%):": 0.0, "Number of Features Used": 23.7, "_timestamp": 1661962381, "_runtime": 11677, "_step": 2620, "Test Accuracy": 0.7890625, "Test Number of Features Used": 23.14375, "_wandb": {"runtime": 11679}}