{"Reward": -0.42300000000000004, "Accuracy": 0.72, "New States(%):": 1.0457516339869282, "Number of Features Used": 14.3, "_timestamp": 1657470954, "_runtime": 7785, "_step": 2246}