{"Reward": -0.47681000032345766, "Accuracy": 0.53, "New States(%):": 85.47770700636943, "Number of Features Used": 26.81, "_timestamp": 1661641730, "_runtime": 17, "_step": 4}