{"Reward": -0.5229900001420174, "Accuracy": 0.48, "New States(%):": 52.13032581453634, "Number of Features Used": 22.99, "_timestamp": 1661641594, "_runtime": 238, "_step": 79}