{"Reward": -0.48180000000000006, "Accuracy": 0.53, "New States(%):": 72.46376811594203, "Number of Features Used": 5.9, "_timestamp": 1661575405, "_runtime": 14, "_step": 3}