{"Reward": -0.47539999943226574, "Accuracy": 0.55, "New States(%):": 44.91525423728814, "Number of Features Used": 22.54, "_timestamp": 1661611327, "_runtime": 273, "_step": 89}