{"Reward": -0.15649999940767884, "Accuracy": 0.87, "New States(%):": 0.0, "Number of Features Used": 22.65, "_timestamp": 1662012158, "_runtime": 11588, "_step": 2620, "Test Accuracy": 0.7875, "Test Number of Features Used": 23.159375, "_wandb": {"runtime": 11589}}