{"Reward": -0.26089999999999997, "Accuracy": 0.74, "New States(%):": 13.157894736842104, "Number of Features Used": 20.9, "_timestamp": 1661610018, "_runtime": 720, "_step": 308}