{"Reward": -0.49920000000000003, "Accuracy": 0.51, "New States(%):": 61.607142857142854, "Number of Features Used": 4.6, "_timestamp": 1661575621, "_runtime": 36, "_step": 13}