{"Reward": -0.19149000007077122, "Accuracy": 0.81, "New States(%):": 0.0, "Number of Features Used": 21.49, "_timestamp": 1661652025, "_runtime": 7445, "_step": 2620, "Test Accuracy": 0.7890625, "Test Number of Features Used": 21.6453125, "_wandb": {"runtime": 7447}}