{"Reward": -0.33759999999999996, "Accuracy": 0.7, "New States(%):": 1.4705882352941178, "Number of Features Used": 3.76, "_timestamp": 1660922944, "_runtime": 5510, "_step": 2620, "Test Accuracy": 0.69375, "Test Number of Features Used": 3.725, "_wandb": {"runtime": 5512}}