{"Reward": -0.38020000000000004, "Accuracy": 0.77, "New States(%):": 1.6229712858926342, "Number of Features Used": 15.02, "_timestamp": 1657269405, "_runtime": 6103, "_step": 1572, "Test Accuracy": 0.45625, "Test Number of Features Used": 6.9859375, "_wandb": {"runtime": 6104}}