{"Reward": -0.9510000000000001, "Accuracy": 0.67, "New States(%):": 0.9687034277198212, "Number of Features Used": 12.42, "_timestamp": 1657482852, "_runtime": 5223, "_step": 1464}