{"Reward": -0.47269999999999995, "Accuracy": 0.53, "New States(%):": 40.42553191489362, "Number of Features Used": 21.35, "_timestamp": 1661576415, "_runtime": 148, "_step": 65}