{"Reward": -0.5457999991998076, "Accuracy": 0.49, "New States(%):": 65.28384279475982, "Number of Features Used": 23.58, "_timestamp": 1661612915, "_runtime": 121, "_step": 40}