{"Reward": -0.30219999999999997, "Accuracy": 0.73, "New States(%):": 0.0, "Number of Features Used": 3.22, "_timestamp": 1658097811, "_runtime": 4688, "_step": 2620, "Test Accuracy": 0.684375, "Test Number of Features Used": 3.26875, "_wandb": {"runtime": 4690}}