{"Reward": -0.46342999999999995, "Accuracy": 0.54, "New States(%):": 61.8510158013544, "Number of Features Used": 23.43, "_timestamp": 1661610185, "_runtime": 115, "_step": 46}