{"Reward": -0.18152000007219612, "Accuracy": 0.82, "New States(%):": 0.0, "Number of Features Used": 21.52, "_timestamp": 1661630910, "_runtime": 7361, "_step": 2620, "Test Accuracy": 0.8109375, "Test Number of Features Used": 21.7125, "_wandb": {"runtime": 7362}}