{"Reward": -0.44454000021563844, "Accuracy": 0.56, "New States(%):": 65.16245487364621, "Number of Features Used": 24.54, "_timestamp": 1661783642, "_runtime": 458, "_step": 143}