{"Reward": -0.15379999924451113, "Accuracy": 0.88, "New States(%):": 0.0, "Number of Features Used": 23.38, "_timestamp": 1661975344, "_runtime": 11564, "_step": 2620, "Test Accuracy": 0.8359375, "Test Number of Features Used": 22.8875, "_wandb": {"runtime": 11566}}