{"Reward": -0.14779999937862157, "Accuracy": 0.88, "New States(%):": 0.7936507936507936, "Number of Features Used": 22.78, "_timestamp": 1662065865, "_runtime": 11657, "_step": 2620, "Test Accuracy": 0.8140625, "Test Number of Features Used": 23.0796875, "_wandb": {"runtime": 11659}}