{"Reward": -0.47936, "Accuracy": 0.53, "New States(%):": 60.2112676056338, "Number of Features Used": 4.68, "_timestamp": 1661575499, "_runtime": 33, "_step": 13}