{"Reward": -0.15999999932944775, "Accuracy": 0.87, "New States(%):": 0.75, "Number of Features Used": 23.0, "_timestamp": 1662046569, "_runtime": 11651, "_step": 2620, "Test Accuracy": 0.8234375, "Test Number of Features Used": 23.0984375, "_wandb": {"runtime": 11652}}