{"Reward": -0.17099999999999999, "Accuracy": 0.83, "New States(%):": 0.0, "Number of Features Used": 20.5, "_timestamp": 1661581518, "_runtime": 4934, "_step": 2620, "Test Accuracy": 0.83125, "Test Number of Features Used": 20.671875, "_wandb": {"runtime": 4936}}