{"Reward": -0.41328000015579164, "Accuracy": 0.59, "New States(%):": 66.35514018691589, "Number of Features Used": 23.28, "_timestamp": 1661781689, "_runtime": 365, "_step": 114}