{"Reward": -0.5365000000000001, "Accuracy": 0.5, "New States(%):": 13.118279569892474, "Number of Features Used": 3.65, "_timestamp": 1657421886, "_runtime": 574, "_step": 92}