{"Reward": -0.40151000007172116, "Accuracy": 0.6, "New States(%):": 23.904382470119522, "Number of Features Used": 21.51, "_timestamp": 1661698842, "_runtime": 771, "_step": 229}