{"Reward": -0.51908, "Accuracy": 0.49, "New States(%):": 77.9783393501805, "Number of Features Used": 24.54, "_timestamp": 1661576173, "_runtime": 25, "_step": 9}