{"Reward": -0.171570000074571, "Accuracy": 0.83, "New States(%):": 0.0, "Number of Features Used": 21.57, "_timestamp": 1661620755, "_runtime": 7380, "_step": 2620, "Test Accuracy": 0.815625, "Test Number of Features Used": 21.721875, "_wandb": {"runtime": 7382}}