{"Reward": -0.26904999957419934, "Accuracy": 0.75, "New States(%):": 37.21413721413722, "Number of Features Used": 23.81, "_timestamp": 1662134519, "_runtime": 1756, "_step": 465}