{"Reward": -0.06839999936521053, "Accuracy": 0.96, "New States(%):": 1.0416666666666667, "Number of Features Used": 22.84, "_timestamp": 1662105973, "_runtime": 11288, "_step": 2620, "Test Accuracy": 0.8375, "Test Number of Features Used": 22.8234375, "_wandb": {"runtime": 11289}}