{"Reward": -0.58254, "Accuracy": 0.43, "New States(%):": 73.72764786795048, "Number of Features Used": 6.27, "_timestamp": 1661575567, "_runtime": 13, "_step": 3}