{"Reward": -0.06501000023796223, "Accuracy": 0.94, "New States(%):": 0.0, "Number of Features Used": 25.01, "_timestamp": 1661796017, "_runtime": 10588, "_step": 2620, "Test Accuracy": 0.7859375, "Test Number of Features Used": 24.2953125, "_wandb": {"runtime": 10591}}