{"Reward": -0.09979999955743551, "Accuracy": 0.92, "New States(%):": 0.0, "Number of Features Used": 21.98, "_timestamp": 1662080260, "_runtime": 10897, "_step": 2620, "Test Accuracy": 0.8734375, "Test Number of Features Used": 22.003125, "_wandb": {"runtime": 10899}}