{"Reward": 0.42810000000000004, "Accuracy": 0.74, "New States(%):": 0.16155088852988692, "Number of Features Used": 5.19, "_timestamp": 1657395312, "_runtime": 18371, "_step": 5240, "Test Accuracy": 0.7125, "Test Number of Features Used": 5.371875, "_wandb": {"runtime": 18372}}