{"Reward": -0.5091999993473292, "Accuracy": 0.52, "New States(%):": 51.785714285714285, "Number of Features Used": 22.92, "_timestamp": 1661610944, "_runtime": 273, "_step": 90}