{"Reward": -0.6260000000000001, "Accuracy": 0.44, "New States(%):": 6.7105263157894735, "Number of Features Used": 6.6, "_timestamp": 1657416055, "_runtime": 581, "_step": 79}