{"Reward": -1.04, "Accuracy": 0.73, "New States(%):": 0.975609756097561, "Number of Features Used": 15.4, "_timestamp": 1657495974, "_runtime": 13044, "_step": 5240, "Test Accuracy": 0.471875, "Test Number of Features Used": 5.8453125, "_wandb": {"runtime": 13045}}